"MBNo","MBDate","ROCode","RONo","Amt"
"QCNS0068991718",28-7-2017 0:00:00,$22.00,$2083.00,$5576.00
"UP/17-18/00281",31-8-2017 0:00:00,$75.00,$2129.00,$25488.00
"09124UP000007",31-8-2017 0:00:00,$56.00,$2114.00,$18054.00
"09124UP0000076",31-8-2017 0:00:00,$54.00,$2112.00,$64192.00
"UP-I-1718-011506",17-7-2017 0:00:00,$29.00,$2089.00,$797.90
"UP-I-1718-0011466",17-7-2017 0:00:00,$17.00,$2078.00,$1595.79
"UP-I-1718-011481",17-7-2017 0:00:00,$23.00,$2084.00,$2166.99
"1802987753",13-7-2017 0:00:00,$19.00,$2080.00,$54261.00
"1904567480",4-8-2017 0:00:00,$68.00,$2126.00,$446.00
"1802997077",28-7-2017 0:00:00,$49.00,$2109.00,$54262.00
"QCNS0072811718",4-8-2017 0:00:00,$39.00,$2063.00,$6797.00
"QCNS0073601718",7-8-2017 0:00:00,$5.00,$2067.00,$6797.00
"QCNS0083551718",1-9-2017 0:00:00,$47.00,$2107.00,$26019.00
"QCNS0083701718",1-9-2017 0:00:00,$45.00,$2105.00,$6938.00
"QCNS008414718",4-9-2017 0:00:00,$59.00,$2117.00,$18585.00
"QCNS0085321718",4-9-2017 0:00:00,$61.00,$2119.00,$6938.00
"QCNS0087851718",8-9-2017 0:00:00,$132.00,$2186.00,$1859.00
"AD1709002534",27-8-2017 0:00:00,$117.00,$2171.00,$892589.00
"UP-I-1718-060059",11-9-2017 0:00:00,$127.00,$2181.00,$797.90
"UP-I-1718-060065",11-9-2017 0:00:00,$142.00,$2196.00,$2166.99
"UP-I-1718-060091",11-9-2017 0:00:00,$146.00,$2200.00,$797.90
"UP-I-1718-060095",11-9-2017 0:00:00,$147.00,$2201.00,$797.90
"UP-I-1718-059044",9-9-2017 0:00:00,$143.00,$2197.00,$1595.79
"08JA0/17/13539",6-9-2017 0:00:00,$140.00,$2194.00,$82824.00
"4000184892/17-18",15-9-2017 0:00:00,$116.00,$2170.00,$33772.00
"UP-I-1718-01919",24-7-2017 0:00:00,$33.00,$2096.00,$1595.79
"UP-I-1718I00834",14-7-2017 0:00:00,$10.00,$2072.00,$1595.79
"UP-I-1718-00558",12-7-2017 0:00:00,$9.00,$2071.00,$1595.79
"UP-I-1718-02775",31-7-2017 0:00:00,$46.00,$2106.00,$2166.99
"UP-I-1718I026589",31-7-2017 0:00:00,$62.00,$2120.00,$15579.48
"UP-I-17070550",31-7-2017 0:00:00,$3.00,$2066.00,$5506.55
"UP-I-1718-021126",26-7-2017 0:00:00,$35.00,$2097.00,$7140.00
"UP-I-1718-024544",22-10-2017 0:00:00,$60.00,$2118.00,$3234.10
"UP-I-1718-004789",11-7-2017 0:00:00,$2.00,$2065.00,$6168.96
"UP-I-1718-019920",24-7-2017 0:00:00,$37.00,$2098.00,$2324.07
"UP-I-1718-021090",26-7-2017 0:00:00,$38.00,$2099.00,$32451.30
"UP-I-1718-02113",8-7-2017 0:00:00,$11.00,$2073.00,$1595.79
"UP-I-1718-023027",27-7-2017 0:00:00,$168.00,$2222.00,$3104.75
"UP-I-1718-194094",25-10-2017 0:00:00,$215.00,$2269.00,$1519.79
"UP-I-1718-091763",23-10-2017 0:00:00,$195.00,$2249.00,$1595.79
"UP-I-1718-092889",23-10-2017 0:00:00,$206.00,$2260.00,$15565.20
"UP-I-1718-17100375",11-10-2017 0:00:00,$193.00,$2247.00,$15565.91
"UP-I-1718-082964",11-10-2017 0:00:00,$199.00,$2253.00,$15565.91
"AD1709004490",21-9-2017 0:00:00,$163.00,$2217.00,$85687.00
"MI1701101277",21-9-2017 0:00:00,$157.00,$2211.00,$66938.00
"UP-I-1718-082284",11-10-2017 0:00:00,$187.00,$2241.00,$25424.33
"",,$187.00,$2241.00,$25424.33
"UP-I-1718-096394",26-10-2017 0:00:00,$216.00,$2270.00,$5707.50
"UP-I-1718-101108",31-10-2017 0:00:00,$226.00,$2280.00,$797.90
"UP-I-1718-101106",31-10-2017 0:00:00,$225.00,$2279.00,$797.90
"UP-I-1718-101061",31-10-2017 0:00:00,$221.00,$2275.00,$2622.71
"QCNS0114201718",25-10-2017 0:00:00,$170.00,$2224.00,$26019.00
"QCNS0112461718",23-10-2017 0:00:00,$192.00,$2246.00,$3717.00
"QCNS0074531718",8-8-2017 0:00:00,$6.00,$2068.00,$14868.00
"QCNS0085621718",5-9-2017 0:00:00,$6.00,$2068.00,$14868.00
"QCNS0085641718",5-9-2017 0:00:00,$7.00,$2069.00,$22656.00
"QCNS0111661718",20-10-2017 0:00:00,$150.00,$2204.00,$6938.00
"QCNS0110261718",19-10-2017 0:00:00,$151.00,$2205.00,$17346.00
"QCNS0109321718",19-10-2017 0:00:00,$144.00,$2198.00,$20815.00
"QCNS0101701718",5-10-2017 0:00:00,$135.00,$2189.00,$7434.00
"QCNS0102181718",6-10-2017 0:00:00,$6.00,$2068.00,$14868.00
"QCNX0103181718",9-10-2017 0:00:00,$7.00,$2069.00,$22656.00
"QCNS0116701718",30-10-2017 0:00:00,$175.00,$2229.00,$6938.00
"UP/17-18/00354",14-9-2017 0:00:00,$105.00,$2159.00,$10196.00
"09134UP0000202",30-11-2017 0:00:00,$256.00,$2310.00,$9027.00
"09134UP0000177",30-11-2017 0:00:00,$255.00,$2309.00,$32096.00
"UP-I-1718-134072",15-12-2017 0:00:00,$309.00,$2363.00,$3885.60
"UPL-I-1718-135114",18-12-2017 0:00:00,$317.00,$2371.00,$3855.60
"UP-I-1718-135183",18-12-2017 0:00:00,$291.00,$2345.00,$5810.18
"UP-I-1718-132378",12-12-2017 0:00:00,$281.00,$2335.00,$13632.04
"UP-I-1718",15-12-2017 0:00:00,$312.00,$2366.00,$38556.00
"UP-I-1718-131344",9-12-2017 0:00:00,$284.00,$2338.00,$2324.70
"UP-I-1718-131951",12-12-2017 0:00:00,$271.00,$2325.00,$1595.79
"UP-I-1718-17120125",11-12-2017 0:00:00,$278.00,$2332.00,$2166.99
"UP-I-1718-133421",14-12-2017 0:00:00,$303.00,$2357.00,$11920.23
"UP-I-1718-17120035",28-11-2017 0:00:00,$270.00,$2324.00,$2166.99
"UP-I-1718-17111088",30-11-2017 0:00:00,$267.00,$2321.00,$13632.04
"UP-I-1718-124297",29-11-2017 0:00:00,$268.00,$2322.00,$11920.23
"UP-I-1718-128692",6-12-2017 0:00:00,$272.00,$2326.00,$35700.00
"UP/DEC/17-18/039",14-12-2017 0:00:00,$236.00,$2290.00,$10196.00
"UP/DEC/17-18/059",21-12-2017 0:00:00,$243.00,$2297.00,$25488.00
"UP/DEC/17-18/006",7-12-2017 0:00:00,$233.00,$2287.00,$10196.00
"UP/NOV/17-18/005",24-11-2017 0:00:00,$220.00,$2274.00,$25488.00
"UP/NOV/17-18/040",15-11-2017 0:00:00,$198.00,$2252.00,$10196.00
"UP/OCT/17-18/197",31-10-2017 0:00:00,$131.00,$2185.00,$25488.00
"UP/OCT/17-18/141",31-10-2017 0:00:00,$181.00,$2235.00,$25488.00
"109",20-12-2017 0:00:00,$306.00,$2360.00,$13806.00
"460",7-12-2017 0:00:00,$306.00,$2360.00,$30250.00
"GST-001115",29-12-2017 0:00:00,$322.00,$2376.00,$53100.00
"QCNS0139271718",26-12-2018 0:00:00,$239.00,$2293.00,$14868.00
"QCNS0139191718",26-12-2017 0:00:00,$240.00,$2294.00,$22656.00
"QCNS0133401718",5-12-2017 0:00:00,$246.00,$2300.00,$2788.00
"QCNS0135211718",12-12-2017 0:00:00,$234.00,$2288.00,$17346.00
" QCNS0135641718",13-12-2017 0:00:00,$235.00,$2289.00,$7434.00
"QCNS0138591718",20-12-2017 0:00:00,$241.00,$2295.00,$6938.00
"QCNS0135231718",12-12-2017 0:00:00,$232.00,$2286.00,$6938.00
"IB1712A00032",31-12-2017 0:00:00,$336.00,$2390.00,$5356.00
"QCNS0145761718",4-1-2018 0:00:00,$274.00,$2328.00,$20815.00
"QCNS0141781718",29-12-2017 0:00:00,$289.00,$2343.00,$5576.00
"QCNS0141771718",29-12-2017 0:00:00,$288.00,$2342.00,$3717.00
"QCNS0141791718",29-12-2017 0:00:00,$292.00,$2346.00,$1859.00
"QCNS0141811718",29-12-2017 0:00:00,$298.00,$2352.00,$2788.00
"QCNS0141801718",29-12-2017 0:00:00,$293.00,$2347.00,$2788.00
"QCNS0141821718",29-12-2017 0:00:00,$299.00,$2353.00,$1859.00
"QCNS0150131718",9-1-2018 0:00:00,$307.00,$2361.00,$5576.00
"QCNS0142491718",29-12-2017 0:00:00,$307.00,$2361.00,$5576.00
"QCNS0143061718",2-1-2018 0:00:00,$305.00,$2359.00,$3717.00
"QCNS0147501718",5-1-2017 0:00:00,$310.00,$2364.00,$3717.00
"QCNS0149921718",9-1-2018 0:00:00,$276.00,$2330.00,$17346.00
"QCNS0150651718",10-1-2018 0:00:00,$286.00,$2340.00,$7434.00
"QCNS0147481718",5-1-2018 0:00:00,$335.00,$2389.00,$5576.00
"QCNS0147711718",5-1-2018 0:00:00,$275.00,$2329.00,$6938.00
"QCNS0147731718",5-1-2018 0:00:00,$294.00,$2348.00,$7434.00
"QCNS0146981718",5-1-2018 0:00:00,$273.00,$2327.00,$5576.00
"QCNS0147081718",5-1-2018 0:00:00,$295.00,$2349.00,$1859.00
"QCNS0147061718",5-1-2018 0:00:00,$296.00,$2350.00,$3717.00
"QCNS0147511718",5-1-2018 0:00:00,$338.00,$2392.00,$1859.00
"UP/JAN/17-18/029",9-1-2018 0:00:00,$287.00,$2341.00,$10196.00
"",,$287.00,$2341.00,$10196.00
"UP/JAN/17-18/083",19-1-2018 0:00:00,$300.00,$2354.00,$15292.00
"QCNS0157941718",22-1-2018 0:00:00,$323.00,$2377.00,$6938.00
"QCNS0158181718",22-1-2018 0:00:00,$190.00,$2244.00,$7434.00
"QCNS0158201718",22-1-2018 0:00:00,$297.00,$2351.00,$11151.00
"UP-I-1718-146573",31-12-2018 0:00:00,$349.00,$2403.00,$797.90
"UP-I-1718-146083",31-12-2018 0:00:00,$245.00,$2299.00,$17269.88
"UP-I-1718-146084",31-12-2018 0:00:00,$245.00,$2299.00,$1918.88
"UP-I-1718-151292",8-1-2018 0:00:00,$359.00,$2413.00,$797.90
"UP-I-1718-151288",8-1-2018 0:00:00,$358.00,$2412.00,$797.90
"UP-I-1718-151269",8-1-2018 0:00:00,$354.00,$2408.00,$1595.38
"UP-I-1718-150575",6-1-2018 0:00:00,$355.00,$2409.00,$4908.75
"UP-I-1718-146183",30-12-2018 0:00:00,$350.00,$2404.00,$22312.50
"UP-I-1718-152113",9-1-2018 0:00:00,$360.00,$2414.00,$4096.58
"UP-I-1718-151148",8-1-2018 0:00:00,$360.00,$2414.00,$4096.58
"90415",28-1-2018 0:00:00,$419.00,$2473.00,$1531.64
"90365",22-1-2018 0:00:00,$424.00,$2478.00,$1010.08
"QCNS0165961718",1-2-2018 0:00:00,$386.00,$2440.00,$2788.00
"QCNS0165951718",1-2-2018 0:00:00,$387.00,$2441.00,$2788.00
"QCNS1065941718",1-2-2018 0:00:00,$383.00,$2437.00,$1859.00
"QCNS0165931718",1-2-2018 0:00:00,$384.00,$2438.00,$1859.00
"QCNS0165921718",1-2-2018 0:00:00,$385.00,$2439.00,$3117.00
"QCNS016591718",1-2-2018 0:00:00,$369.00,$2423.00,$3717.00
"QCNS0165901718",1-2-2018 0:00:00,$368.00,$2422.00,$8876.00
"QCNS0165131718",30-1-2018 0:00:00,$353.00,$2407.00,$20815.00
"QCNS0163691718",29-1-2018 0:00:00,$334.00,$2388.00,$14868.00
"QCNS0166731718",2-2-2018 0:00:00,$352.00,$2406.00,$6938.00
"BCUP17RV-0033751",29-1-2018 0:00:00,$388.00,$2442.00,$4082.40
"BCUP17RV-0033742",29-1-2018 0:00:00,$396.00,$2450.00,$4082.40
"152",9-2-2018 0:00:00,$372.00,$2426.00,$14042.00
"QCNS0175101718",19-2-2018 0:00:00,$377.00,$2431.00,$7434.00
"QCNS0175081718",19-2-2018 0:00:00,$366.00,$2420.00,$6938.00
"QCNS0175051718",19-2-2018 0:00:00,$367.00,$2421.00,$11151.00
"UP/MAR/17-18/009",8-3-2018 0:00:00,$418.00,$2472.00,$10196.00
"QCNS018401718",12-3-2018 0:00:00,$423.00,$2477.00,$17346.00
"QCNS0180371718",28-3-2018 0:00:00,$370.00,$2424.00,$20815.00
"09134UP0000388",15-3-2018 0:00:00,$458.00,$2512.00,$16926.00
"UP0215RC0093035",30-3-2018 0:00:00,$565.00,$2619.00,$7080.00
"UP0215SN01013036",17-3-2018 0:00:00,$564.00,$2618.00,$20000.00
"UP-I-1718-201833",16-3-2018 0:00:00,$477.00,$2531.00,$1595.79
"UP-I-1718-201844",16-3-2018 0:00:00,$495.00,$2549.00,$2591.82
"UP-I-1718-213590",27-3-2018 0:00:00,$555.00,$2609.00,$20884.00
"UP-I-1718-21285",28-3-2018 0:00:00,$510.00,$2564.00,$5810.18
"UP-I-1718-205654",17-3-2018 0:00:00,$523.00,$2577.00,$11388.30
"UP-I-1718-20569",3-3-2018 0:00:00,$466.00,$2520.00,$5810.18
"UP-I-1718-20571",16-3-2018 0:00:00,$502.00,$2556.00,$2166.99
"JK1803004818",13-3-2018 0:00:00,$476.00,$2530.00,$7575.00
"JK1803006702",17-3-2018 0:00:00,$482.00,$2536.00,$7575.00
"JK1803006706",17-3-2018 0:00:00,$491.00,$2545.00,$37296.00
"JK1803004821",13-3-2018 0:00:00,$478.00,$2532.00,$20512.00
"JK1803004817",13-3-2018 0:00:00,$475.00,$2529.00,$16433.00
"JK1803004820",13-3-2018 0:00:00,$480.00,$2534.00,$8392.00
"",21-12-2017 0:00:00,$320.00,$2374.00,$10886.00
"JK1803004819",13-3-2018 0:00:00,$479.00,$2533.00,$14686.00
"JK1803005747",15-3-2018 0:00:00,$481.00,$2535.00,$7343.00
"JK1803005749",15-3-2018 0:00:00,$494.00,$2548.00,$1767.00
"JK1803006703",17-3-2018 0:00:00,$488.00,$2542.00,$13054.00
"JK1803002129",7-3-2018 0:00:00,$467.00,$2521.00,$142192.00
"JK1803002127",7-3-2018 0:00:00,$462.00,$2516.00,$53302.00
"MD1803B00093",15-3-2018 0:00:00,$498.00,$2552.00,$2678.00
"JK1802010775",26-2-2018 0:00:00,$449.00,$2503.00,$11368.00
"JK1803002128",7-3-2018 0:00:00,$465.00,$2519.00,$38928.00
"JK1803002130",7-3-2018 0:00:00,$468.00,$2522.00,$142192.00
"JK1803005748",15-3-2018 0:00:00,$483.00,$2537.00,$5128.00
"JK1803006704",17-3-2018 0:00:00,$489.00,$2543.00,$3379.00
"JK1803003705",17-3-2018 0:00:00,$492.00,$2546.00,$33800.00
"JK1803006707",17-3-2018 0:00:00,$501.00,$2555.00,$4710.00
"JK1803006708",17-3-2018 0:00:00,$500.00,$2554.00,$3399.00
"JK1803007992",19-3-2018 0:00:00,$480.00,$2534.00,$8392.00
"JK1803008319",16-3-2018 0:00:00,$499.00,$2553.00,$2720.00
"JK1803008320",20-3-2018 0:00:00,$504.00,$2558.00,$2720.00
"JK180308321",20-3-2018 0:00:00,$505.00,$2559.00,$15200.00
"JK1803008322",20-3-2018 0:00:00,$506.00,$2560.00,$16433.00
"JK1803008323",20-3-2018 0:00:00,$507.00,$2561.00,$3613.00
"MD1803B00117",17-3-2018 0:00:00,$509.00,$2563.00,$540.00
"",,$509.00,$2563.00,$540.00
"MD1803B00165",21-3-2018 0:00:00,$525.00,$2579.00,$1767.00
"AD1709010967",24-1-2018 0:00:00,$401.00,$2455.00,$96398.00
"UP-I-1718-194608",7-3-2018 0:00:00,$460.00,$2514.00,$2166.99
"UP-I-1718-196259",9-3-2018 0:00:00,$469.00,$2523.00,$797.90
"UP-I-1718-196264",9-3-2018 0:00:00,$470.00,$2524.00,$2324.07
"BCUP17RV-0042251",15-3-2018 0:00:00,$356.00,$2410.00,$4082.40
"BCUP17RV-0043578",20-3-2018 0:00:00,$320.00,$2374.00,$2041.20
"BCUP17RV-0042247",15-3-2018 0:00:00,$320.00,$2374.00,$4082.40
"UP-I-1718-192850",28-2-2018 0:00:00,$443.00,$2497.00,$36873.64
"UP-I-1718-168735",31-1-2018 0:00:00,$415.00,$2469.00,$797.90
"UP-I-1718-168725",31-1-2018 0:00:00,$410.00,$2464.00,$2905.09
"UP-I-1718-170379",31-1-2018 0:00:00,$420.00,$2474.00,$13665.96
"UP-I-1718-170147",31-1-2018 0:00:00,$411.00,$2465.00,$18388.96
"1803066879",10-12-2018 0:00:00,$279.00,$2333.00,$54261.00
"1803091019",26-1-2018 0:00:00,$407.00,$2461.00,$16326.45
"1803090969",26-1-2018 0:00:00,$404.00,$2458.00,$15462.30
"1803069694",17-12-2017 0:00:00,$315.00,$2369.00,$2968.00
"1803081748",7-1-2018 0:00:00,$362.00,$2416.00,$5997.60
"1803091514",26-1-2018 0:00:00,$409.00,$2463.00,$13567.00
"1803089102",13-1-2018 0:00:00,$380.00,$2434.00,$3748.50
"1803066721",9-12-2017 0:00:00,$283.00,$2337.00,$2968.00
"1904590886",29-12-2018 0:00:00,$337.00,$2391.00,$892.50
"1803077343",31-12-2017 0:00:00,$348.00,$2402.00,$2968.35
"1803088353",21-1-2018 0:00:00,$397.00,$2451.00,$13566.00
"1904586879",24-1-2018 0:00:00,$399.00,$2453.00,$357.00
"UP/MAR/17-18/118",29-3-2018 0:00:00,$457.00,$2511.00,$10196.00
"UP/MAR/17-18/048",15-3-2018 0:00:00,$426.00,$2480.00,$20390.00
"UP/MAR/17-18/047",15-3-2018 0:00:00,$432.00,$2486.00,$15292.00
"UP/MAR/17-18/030",9-2-2018 0:00:00,$394.00,$2448.00,$5098.00
"UP/MAR/17-18/032",9-2-2018 0:00:00,$391.00,$2445.00,$17842.00
"UP/MAR/17-18/031",9-2-2018 0:00:00,$351.00,$2405.00,$10196.00
"QCNS0189761718",23-3-2018 0:00:00,$445.00,$2499.00,$14868.00
"09134UP0000418",31-3-2018 0:00:00,$493.00,$2547.00,$18054.00
"UP-I-1819-226944",13-4-2018 0:00:00,$607.00,$2661.00,$7711.20
"UP-I-1819-22080",6-4-2018 0:00:00,$559.00,$2613.00,$2166.99
"UP-I-1819-22079",6-4-2018 0:00:00,$547.00,$2601.00,$797.90
"UP-I-1819-225090",10-4-2018 0:00:00,$578.00,$2632.00,$797.90
"UP-I-1718-21688",31-3-2018 0:00:00,$547.00,$2601.00,$797.90
"A0387/2018-19",13-4-2018 0:00:00,$599.00,$2653.00,$48198.00
"A0432/2018-19",14-4-2018 0:00:00,$599.00,$2653.00,$48195.00
"NL/01/18/000011",25-4-2018 0:00:00,$616.00,$2670.00,$45135.00
"RG/04/18/000005",25-4-2018 0:00:00,$615.00,$2669.00,$53100.00
"131",23-4-2018 0:00:00,$664.00,$2718.00,$36167.00
"127",21-4-2018 0:00:00,$664.00,$2718.00,$45209.00
"22",3-5-2018 0:00:00,$664.00,$2718.00,$41300.00
"09134UP0180040",30-4-2018 0:00:00,$603.00,$2657.00,$16926.00
"QCNS0020511819",11-5-2018 0:00:00,$596.00,$2650.00,$6938.00
"UP/MAY/18-19/038",14-5-2018 0:00:00,$600.00,$2654.00,$15292.00
"QCNS0007681819",20-4-2018 0:00:00,$593.00,$2647.00,$1859.00
"QCNS0007691819",20-4-2018 0:00:00,$594.00,$2648.00,$1859.00
"QCNS0011381819",30-4-2018 0:00:00,$528.00,$2582.00,$17346.00
"QCNS0011401819",30-4-2018 0:00:00,$527.00,$2581.00,$6938.00
"1817035555",31-10-2017 0:00:00,$203.00,$2257.00,$11283.76
"1817033799",31-10-2017 0:00:00,$202.00,$2256.00,$12036.00
"1817025214",30-9-2017 0:00:00,$160.00,$2214.00,$36108.00
"1817031461",15-10-2017 0:00:00,$158.00,$2212.00,$33851.26
"1817026857",30-9-2017 0:00:00,$158.00,$2212.00,$33851.25
"1817025215",30-9-2017 0:00:00,$159.00,$2213.00,$35626.00
"1817031463",15-10-2017 0:00:00,$159.00,$2213.00,$35787.04
"11817033800",31-10-2018 0:00:00,$204.00,$2258.00,$12036.00
"09134UP0180102",31-5-2018 0:00:00,$660.00,$2714.00,$18054.00
"UP-I-1819-277487",10-6-2018 0:00:00,$773.00,$2827.00,$4096.00
"UP-I-1819-277494",10-6-2018 0:00:00,$774.00,$2828.00,$13665.00
"UP-I-1819-277074",2-6-2018 0:00:00,$744.00,$2798.00,$4096.00
"UP-I-1819-274979",21-5-2018 0:00:00,$711.00,$2765.00,$0.00
"0581",13-6-2018 0:00:00,$769.00,$2823.00,$7906.00
"QCNS0037051819",11-6-2018 0:00:00,$680.00,$2734.00,$6938.00
"058",6-6-2018 0:00:00,$757.00,$2811.00,$35844.00
"UP/JUNE/18-19-176",30-6-2018 0:00:00,$785.00,$2839.00,$7646.00
"QCNS0043901819",22-6-2018 0:00:00,$733.00,$2787.00,$3717.00
"QCNS045491819",25-6-2018 0:00:00,$770.00,$2824.00,$1859.00
"QCNS0046021819",25-6-2018 0:00:00,$708.00,$2762.00,$6938.00
"QCNS0046031819",25-6-2018 0:00:00,$707.00,$2761.00,$17346.00
"0913.4UP0180147",30-6-2018 0:00:00,$727.00,$2781.00,$16926.00
"09134UP0180148",30-6-2018 0:00:00,$728.00,$2782.00,$16926.00
"UP-I-1819-307480",8-7-2018 0:00:00,$834.00,$2888.00,$4096.58
"UP-I-1819-307542",6-7-2018 0:00:00,$843.00,$2897.00,$2570.40
"QCNS0053381819",6-7-2018 0:00:00,$751.00,$2805.00,$6938.00
"QCNS0053011819",6-7-2018 0:00:00,$807.00,$2861.00,$5576.00
"QCNS0053111819",6-7-2018 0:00:00,$819.00,$2873.00,$1859.00
"QCNS0050561819",2-7-2018 0:00:00,$765.00,$2819.00,$11151.00
"QCNS0049731819",29-6-2018 0:00:00,$771.00,$2825.00,$3717.00
"QCNS004911819",29-6-2018 0:00:00,$746.00,$2800.00,$2788.00
"QCNS0049721819",29-6-2018 0:00:00,$761.00,$2815.00,$1859.00
"QCNS0019691819",29-6-2018 0:00:00,$756.00,$2810.00,$1859.00
"QCNS0049701819",29-6-2018 0:00:00,$755.00,$2809.00,$2788.00
"QCNS0049681819",29-6-2018 0:00:00,$760.00,$2814.00,$1859.00
"QCNS0021361819",14-5-2018 0:00:00,$595.00,$2649.00,$11151.00
"QCNS0021351819",14-5-2018 0:00:00,$597.00,$2651.00,$7434.00
"QCNS0029711819",28-5-2018 0:00:00,$644.00,$2698.00,$6938.00
"QCNS0029721819",28-5-2018 0:00:00,$646.00,$2700.00,$17346.00
"QCNS.0018621819",8-5-2018 0:00:00,$574.00,$2628.00,$11151.00
"JK1806001252",3-6-2018 0:00:00,$735.00,$2789.00,$23815.00
"JK1806002495",3-6-2018 0:00:00,$739.00,$2793.00,$1049.00
"JK1806002496",6-6-2018 0:00:00,$738.00,$2792.00,$29487.00
"JK1806002497",6-6-2018 0:00:00,$740.00,$2794.00,$20746.00
"JK1806002498",6-6-2018 0:00:00,$736.00,$2790.00,$20746.00
"JK1806002500",6-6-2018 0:00:00,$741.00,$2795.00,$12510.00
"JK1806002503",6-6-2018 0:00:00,$745.00,$2799.00,$11539.00
"JK1806002504",6-6-2018 0:00:00,$748.00,$2802.00,$18648.00
"JK1806004528",10-6-2018 0:00:00,$747.00,$2801.00,$28577.00
"JK1806004529",10-6-2018 0:00:00,$762.00,$2816.00,$80595.00
"JK1806005476",12-6-2018 0:00:00,$763.00,$2817.00,$12510.00
"JK1806009273",20-6-2018 0:00:00,$779.00,$2833.00,$11365.00
"JK1806009274",20-6-2018 0:00:00,$778.00,$2832.00,$106643.00
"JK1806009275",20-6-2018 0:00:00,$776.00,$2830.00,$28577.00
"JK1806009277",20-6-2018 0:00:00,$789.00,$2843.00,$12510.00
"JK1806009281",20-6-2018 0:00:00,$781.00,$2835.00,$35664.00
"JK18009282",20-6-2018 0:00:00,$799.00,$2853.00,$18882.00
"JK1806009283",20-6-2018 0:00:00,$777.00,$2831.00,$29896.00
"JK1806009883",21-6-2018 0:00:00,$800.00,$2854.00,$36539.00
"JK1806010959",23-6-2018 0:00:00,$788.00,$2842.00,$29769.00
"JK1806010960",23-6-2018 0:00:00,$801.00,$2855.00,$27449.00
"UP/JUL/18-19/124",20-7-2018 0:00:00,$793.00,$2847.00,$10196.00
"UP-I-1819-315552",17-7-2018 0:00:00,$850.00,$2904.00,$4096.58
"UP-I-1819-317104",17-7-2018 0:00:00,$850.00,$2904.00,$4096.58
"UP-I-1819-311966",13-7-2018 0:00:00,$842.00,$2896.00,$1708.25
"UP-I-1819-311894",13-7-2018 0:00:00,$839.00,$2893.00,$1708.25
"UP-I-1819-311875",13-7-2018 0:00:00,$829.00,$2883.00,$2318.72
"UP-I-1819-311893",13-7-2018 0:00:00,$838.00,$2892.00,$854.12
"QCNS0057281819",16-7-2018 0:00:00,$768.00,$2822.00,$19515.00
"QCNS0056581819",13-7-2018 0:00:00,$847.00,$2901.00,$1859.00
"UP-I-1819-318196",20-7-2018 0:00:00,$840.00,$2894.00,$1708.25
"UP-I-1819-319148",21-7-2018 0:00:00,$851.00,$2905.00,$1041.55
"01",17-7-2018 0:00:00,$780.00,$2834.00,$9440.00
"QCNS0064611819",3-8-2018 0:00:00,$831.00,$2885.00,$6938.00
"UP/AUG/18-19/050",17-8-2018 0:00:00,$863.00,$2917.00,$10196.00
"UP0918004377",15-8-2018 0:00:00,$938.00,$2992.00,$6372.00
"UP/AUG/18-19/143",30-8-2018 0:00:00,$947.00,$3001.00,$11258.00
"JK1808010314",23-8-2018 0:00:00,$972.00,$3026.00,$53729.00
"JK1808009184",20-8-2018 0:00:00,$958.00,$3012.00,$28577.00
"JK1808009183",20-8-2018 0:00:00,$959.00,$3013.00,$19931.00
"JK1808009182",20-8-2018 0:00:00,$960.00,$3014.00,$3886.00
"JK1808008825",19-8-2018 0:00:00,$962.00,$3016.00,$14103.00
"JK1808008824",19-8-2018 0:00:00,$963.00,$3017.00,$7148.00
"JK1808008823",19-8-2018 0:00:00,$961.00,$3015.00,$37296.00
"JK1808008348",18-8-2018 0:00:00,$957.00,$3011.00,$3186.00
"JK1808008347",18-8-2018 0:00:00,$939.00,$2993.00,$28577.00
"JK1808008345",18-8-2018 0:00:00,$941.00,$2995.00,$8702.00
"JK1808007743",17-8-2018 0:00:00,$951.00,$3005.00,$4896.00
"JK1808006788",15-8-2018 0:00:00,$952.00,$3006.00,$12378.00
"JK1808006787",15-8-2018 0:00:00,$950.00,$3004.00,$35035.00
"JK1808006144",14-8-2018 0:00:00,$940.00,$2994.00,$19931.00
"JK1808006143",14-8-2018 0:00:00,$942.00,$2996.00,$3886.00
"JK1808006142",14-8-2018 0:00:00,$933.00,$2987.00,$5594.00
"JK1808006141",14-8-2018 0:00:00,$932.00,$2986.00,$5672.00
"JK1808005209",12-8-2018 0:00:00,$935.00,$2989.00,$23815.00
"JK1808005208",12-8-2018 0:00:00,$929.00,$2983.00,$14103.00
"JK1808005482",12-8-2018 0:00:00,$936.00,$2990.00,$3637.00
"JK1808005423",12-8-2018 0:00:00,$920.00,$2974.00,$4896.00
"JK1808010034",22-8-2018 0:00:00,$905.00,$2959.00,$3613.00
"JK1808009013",19-8-2018 0:00:00,$905.00,$2959.00,$3613.00
"JK1808008009",17-8-2018 0:00:00,$905.00,$2959.00,$3613.00
"JK1808005481",12-8-2018 0:00:00,$905.00,$2959.00,$3613.00
"JK1808005207",12-8-2018 0:00:00,$928.00,$2982.00,$37296.00
"JK1808005206",12-8-2018 0:00:00,$927.00,$2981.00,$6714.00
"JK1808004654",11-8-2018 0:00:00,$936.00,$2990.00,$3637.00
"JK1808004171",10-8-2018 0:00:00,$920.00,$2974.00,$4896.00
"JK1808004170",10-8-2018 0:00:00,$923.00,$2977.00,$21348.00
"",,$923.00,$2977.00,$21348.00
"JK1808004169",10-8-2018 0:00:00,$922.00,$2976.00,$28420.00
"JK1808004168",10-8-2018 0:00:00,$924.00,$2978.00,$10490.00
"JK1808004167",10-8-2018 0:00:00,$925.00,$2979.00,$12937.00
"JK1808003239",8-8-2018 0:00:00,$919.00,$2973.00,$10956.00
"JK1808002755",7-8-2018 0:00:00,$918.00,$2972.00,$5543.00
"JK1808002754",7-8-2018 0:00:00,$910.00,$2964.00,$3379.00
"JK1808002753",7-8-2018 0:00:00,$917.00,$2971.00,$11329.00
"JK1808002752",7-8-2018 0:00:00,$915.00,$2969.00,$10490.00
"JK1808002751",7-8-2018 0:00:00,$913.00,$2967.00,$19931.00
"",,$913.00,$2967.00,$19931.00
"JK1808002750",7-8-2018 0:00:00,$912.00,$2966.00,$5594.00
"JK1808002749",7-8-2018 0:00:00,$911.00,$2965.00,$2254.00
"JK1808003423",8-8-2018 0:00:00,$905.00,$2959.00,$3613.00
"JK1808002748",7-8-2018 0:00:00,$905.00,$2959.00,$3613.00
"JK1808002747",7-8-2018 0:00:00,$907.00,$2961.00,$23815.00
"JK1808002746",7-8-2018 0:00:00,$909.00,$2963.00,$3186.00
"JK1808002745",7-8-2018 0:00:00,$908.00,$2962.00,$4759.00
"JK1808002744",7-8-2018 0:00:00,$904.00,$2958.00,$8702.00
"JK1808002743",7-8-2018 0:00:00,$903.00,$2957.00,$3418.00
"JK1808002054",5-8-2018 0:00:00,$900.00,$2954.00,$2308.00
"JK1808000561",2-8-2018 0:00:00,$900.00,$2954.00,$2308.00
"JK1808000560",2-8-2018 0:00:00,$899.00,$2953.00,$4896.00
"JK1808000187",1-8-2018 0:00:00,$898.00,$2952.00,$21348.00
"JK18080002186",1-8-2018 0:00:00,$897.00,$2951.00,$28420.00
"JK1808000674",2-8-2018 0:00:00,$896.00,$2950.00,$4196.00
"JK1808000185",1-8-2018 0:00:00,$896.00,$2950.00,$9907.00
"JK1808000184",1-8-2018 0:00:00,$894.00,$2948.00,$29769.00
"JK1808000183",1-8-2018 0:00:00,$895.00,$2949.00,$37296.00
"JK21807014626",31-7-2018 0:00:00,$891.00,$2945.00,$19931.00
"JK1807013683",29-7-2018 0:00:00,$892.00,$2946.00,$9790.00
"JK1807013682",29-7-2018 0:00:00,$890.00,$2944.00,$3730.00
"JK1807012575",27-7-2018 0:00:00,$885.00,$2939.00,$21155.00
"JK1807012574",27-7-2018 0:00:00,$884.00,$2938.00,$37296.00
"JK1807010989",24-7-2018 0:00:00,$882.00,$2936.00,$4759.00
"JK1807010988",24-7-2018 0:00:00,$883.00,$2937.00,$6021.00
"JK1807010987",24-7-2018 0:00:00,$874.00,$2928.00,$19931.00
"JK180701986",24-7-2018 0:00:00,$875.00,$2929.00,$28577.00
"JK1807008944",20-7-2018 0:00:00,$872.00,$2926.00,$9907.00
"JK1807008943",20-7-2018 0:00:00,$871.00,$2925.00,$55944.00
"JK1807007477",17-7-2018 0:00:00,$866.00,$2920.00,$5711.00
"JK1807007476",17-7-2018 0:00:00,$860.00,$2914.00,$9907.00
"JK1807007475",17-7-2018 0:00:00,$859.00,$2913.00,$37296.00
"JK1807007474",17-7-2018 0:00:00,$858.00,$2912.00,$19931.00
"JK1807007473",17-7-2018 0:00:00,$855.00,$2909.00,$28577.00
"JK1807005943",14-7-2018 0:00:00,$856.00,$2910.00,$17833.00
"JK1807005423",13-7-2018 0:00:00,$854.00,$2908.00,$27449.00
"JK1807005422",13-7-2018 0:00:00,$853.00,$2907.00,$36539.00
"JK1807004515",11-7-2018 0:00:00,$848.00,$2902.00,$29896.00
"JK1807004514",11-7-2018 0:00:00,$846.00,$2900.00,$23815.00
"JK1807001063",3-7-2018 0:00:00,$822.00,$2876.00,$71096.00
"JK1807001062",3-7-2018 0:00:00,$824.00,$2878.00,$23815.00
"JK1807001061",3-7-2018 0:00:00,$823.00,$2877.00,$11365.00
"JK18061249",26-6-2018 0:00:00,$806.00,$2860.00,$80595.00
"JK1806010961",23-6-2018 0:00:00,$809.00,$2863.00,$67309.00
"JK1807800127",16-7-2018 0:00:00,$869.00,$2923.00,$3534.00
"MD1807B00124",16-7-2018 0:00:00,$857.00,$2911.00,$6962.00
"1904650377",26-8-2018 0:00:00,$982.00,$3037.00,$1445.85
"QCNS0075461819",28-8-2018 0:00:00,$945.00,$2999.00,$5576.00
"QCNS0059981819",20-7-2018 0:00:00,$782.00,$2836.00,$17346.00
"103808",6-9-2018 0:00:00,$998.00,$3053.00,$9440.00
"UP-I-1819-354621",21-8-2018 0:00:00,$931.00,$2985.00,$129403.58
"UP-I-1819-352303",29-8-2018 0:00:00,$930.00,$2984.00,$129403.58
"UP0I-1819-340853",17-8-2018 0:00:00,$934.00,$2988.00,$2318.72
"UP-I-1819-348207",25-8-2018 0:00:00,$955.00,$3009.00,$3641.40
"UP-I-1819-353513",30-8-2018 0:00:00,$981.00,$3036.00,$2484.72
"UP-I-1819-353478",30-8-2018 0:00:00,$965.00,$3019.00,$4348.26
"UP-I-1819-353466",30-8-2018 0:00:00,$964.00,$3018.00,$854.12
"UP-I-1819-353446",30-8-2018 0:00:00,$943.00,$2997.00,$1708.25
"UP-I-1819-344823",22-8-2018 0:00:00,$845.00,$2899.00,$129403.58
"UP-I-1819-333222",31-7-2018 0:00:00,$845.00,$2899.00,$129403.58
"UP-I-1819-333469",31-7-2018 0:00:00,$845.00,$2899.00,$129403.58
"UP-I-1819-333887",31-7-2018 0:00:00,$845.00,$2899.00,$129403.58
"UP-I-1819-320399",22-7-2018 0:00:00,$867.00,$2921.00,$854.12
"UP-I-1819-330571",31-7-2018 0:00:00,$888.00,$2942.00,$1708.25
"UP-I-1819-323677",25-7-2018 0:00:00,$878.00,$2932.00,$854.12
"UP-I-1819-323671",25-7-2018 0:00:00,$879.00,$2933.00,$854.12
"UP-I-1819-326520",27-7-2018 0:00:00,$865.00,$2919.00,$7140.00
"UP-I-1819-329358",29-7-2018 0:00:00,$893.00,$2947.00,$5462.10
"UP-I-1819-321886",24-7-2018 0:00:00,$880.00,$2934.00,$9566.17
"UP-I-1819-321879",24-7-2018 0:00:00,$876.00,$2930.00,$5462.10
"UP-I-1819-320569",23-7-2018 0:00:00,$849.00,$2903.00,$11388.30
"UP-I-1819-320418",22-7-2018 0:00:00,$873.00,$2927.00,$854.12
"UP/SEP/18-19/048",14-9-2018 0:00:00,$953.00,$3007.00,$10196.00
"UO-I-1819-371017",22-9-2018 0:00:00,$999.00,$3054.00,$1708.25
"UP-I-1819-371034",22-9-2018 0:00:00,$1000.00,$3055.00,$12423.60
"UP-I-1819-370098",21-9-2018 0:00:00,$997.00,$3052.00,$854.12
"454",19-9-2018 0:00:00,$1030.00,$3085.00,$25382.00
"UP/NOV/18-19/078",20-11-2018 0:00:00,$1184.00,$3239.00,$15292.00
"UP/NOV/18-19/079",20-11-2018 0:00:00,$1221.00,$3276.00,$3824.00
"JK1810000128",1-10-2018 0:00:00,$1051.00,$3106.00,$17599.00
"JK1810000424",2-10-2018 0:00:00,$1051.00,$3106.00,$6216.00
"JK21810000350",2-10-2018 0:00:00,$1057.00,$3112.00,$19392.00
"JK1810000349",2-10-2018 0:00:00,$1056.00,$3111.00,$98757.00
"JK1810001139",5-10-2018 0:00:00,$1059.00,$3114.00,$28577.00
"JK1810001140",5-10-2018 0:00:00,$1061.00,$3116.00,$13598.00
"JK1810001141",5-10-2018 0:00:00,$1060.00,$3115.00,$48252.00
"JK1810001531",6-10-2018 0:00:00,$1064.00,$3119.00,$3418.00
"JK1810002108",7-10-2018 0:00:00,$1067.00,$3122.00,$8702.00
"JK1810002516",8-10-2018 0:00:00,$1063.00,$3118.00,$12510.00
"JK1810002515",8-10-2018 0:00:00,$1062.00,$3117.00,$4025.00
"JK1810002517",8-10-2018 0:00:00,$1068.00,$3123.00,$3186.00
"JK1810002730",9-10-2018 0:00:00,$1073.00,$3128.00,$3264.00
"JK1810002731",9-10-2018 0:00:00,$1069.00,$3124.00,$2254.00
"JK1810002732",9-10-2018 0:00:00,$1071.00,$3126.00,$4569.00
"JK0002733",9-10-2018 0:00:00,$1070.00,$3125.00,$5594.00
"JK1810003238",10-10-2018 0:00:00,$1075.00,$3130.00,$5004.00
"JK1810003236",10-10-2018 0:00:00,$1077.00,$3132.00,$10490.00
"JK1810003235",10-10-2018 0:00:00,$1072.00,$3127.00,$10897.00
"JK1810003763",11-10-2018 0:00:00,$1081.00,$3136.00,$7070.00
"JK1810003761",11-10-2018 0:00:00,$1078.00,$3133.00,$10956.00
"JK1810003237",10-10-2018 0:00:00,$1076.00,$3131.00,$13271.00
"JK1810003239",10-10-2018 0:00:00,$1066.00,$3121.00,$13659.00
"JK1810003235",10-10-2018 0:00:00,$1082.00,$3137.00,$10897.00
"JK1810003908",11-10-2018 0:00:00,$1066.00,$3121.00,$14918.00
"JK1810004233",12-10-2018 0:00:00,$1083.00,$3138.00,$4896.00
"JK1810004232",12-10-2018 0:00:00,$1084.00,$3139.00,$25486.00
"JK18100042365",11-10-2018 0:00:00,$1090.00,$3145.00,$10490.00
"JK1810004235",12-10-2018 0:00:00,$1089.00,$3144.00,$182596.00
"JK1810004234",12-10-2018 0:00:00,$1088.00,$3143.00,$62160.00
"JK1810004237",12-10-2018 0:00:00,$1091.00,$3146.00,$62160.00
"MD1810B00110",13-10-2018 0:00:00,$1107.00,$3162.00,$403.00
"JK1810004845",13-10-2018 0:00:00,$1092.00,$3147.00,$3418.00
"JK18910004844",13-10-2018 0:00:00,$1093.00,$3148.00,$37296.00
"JK1810005681",14-10-2018 0:00:00,$1101.00,$3156.00,$8702.00
"JK19810005682",14-10-2018 0:00:00,$1102.00,$3157.00,$141802.00
"JK1810006264",15-10-2018 0:00:00,$1105.00,$3160.00,$31468.00
"JK1810006265",15-10-2018 0:00:00,$1106.00,$3161.00,$20397.00
"JK1810006263",15-10-2018 0:00:00,$1108.00,$3163.00,$64614.00
"JK1810006262",15-10-2018 0:00:00,$1099.00,$3154.00,$29769.00
"JK1810006261",15-10-2018 0:00:00,$1100.00,$3155.00,$4025.00
"JK1810006725",16-10-2018 0:00:00,$1103.00,$3158.00,$3186.00
"JK1810006726",16-10-2018 0:00:00,$1109.00,$3164.00,$4569.00
"JK1810006727",16-10-2018 0:00:00,$1110.00,$3165.00,$3264.00
"JK1810006728",16-10-2018 0:00:00,$1112.00,$3167.00,$5594.00
"JK1810006729",16-10-2018 0:00:00,$1111.00,$3166.00,$2254.00
"JK1810007237",17-10-2018 0:00:00,$1114.00,$3169.00,$85082.00
"JK1810007235",17-10-2018 0:00:00,$1115.00,$3170.00,$172882.00
"JK1810007236",17-10-2018 0:00:00,$1116.00,$3171.00,$10490.00
"JK1810007743",18-10-2018 0:00:00,$1113.00,$3168.00,$13271.00
"JK1810007744",18-10-2018 0:00:00,$1117.00,$3172.00,$10956.00
"JK1810008245",19-10-2018 0:00:00,$1126.00,$3181.00,$4896.00
"JK1810008243",19-10-2018 0:00:00,$1123.00,$3178.00,$10722.00
"JK1810008244",19-10-2018 0:00:00,$1124.00,$3179.00,$12471.00
"JK1810008610",20-10-2018 0:00:00,$1133.00,$3188.00,$3418.00
"JK1810009174",21-10-2018 0:00:00,$1120.00,$3175.00,$6498.00
"JK1810009177",21-10-2018 0:00:00,$1134.00,$3189.00,$8702.00
"JK1810009176",21-10-2018 0:00:00,$1129.00,$3184.00,$19392.00
"JK1810008609",20-10-2018 0:00:00,$1122.00,$3177.00,$3225.00
"JK1810009489",20-10-2018 0:00:00,$1122.00,$3177.00,$14374.00
"JK1810009760",22-10-2018 0:00:00,$1122.00,$3177.00,$6216.00
"JK1810009175",21-10-2018 0:00:00,$1128.00,$3183.00,$18648.00
"JK1810009759",22-10-2018 0:00:00,$1128.00,$3183.00,$18648.00
"JK1810009178",21-10-2018 0:00:00,$1136.00,$3191.00,$20178.00
"JK1810009718",22-10-2018 0:00:00,$1136.00,$3191.00,$23115.00
"JK181000965",22-10-2018 0:00:00,$1139.00,$3194.00,$12510.00
"JK1810009658",22-10-2018 0:00:00,$1137.00,$3192.00,$3186.00
"JK1810009659",22-10-2018 0:00:00,$1138.00,$3193.00,$4025.00
"JK1810009908",23-10-2018 0:00:00,$1143.00,$3198.00,$2254.00
"JK18100099047",23-10-2018 0:00:00,$1141.00,$3196.00,$4569.00
"JK1810009909",23-10-2018 0:00:00,$1142.00,$3197.00,$5594.00
"JK1810009906",23-10-2018 0:00:00,$1140.00,$3195.00,$3264.00
"1810010373",24-10-2018 0:00:00,$1146.00,$3201.00,$13271.00
"JK1810010374",24-10-2018 0:00:00,$1147.00,$3202.00,$10490.00
"JK1810010916",25-10-2018 0:00:00,$1152.00,$3207.00,$10956.00
"JK1810010915",25-10-2018 0:00:00,$1148.00,$3203.00,$7070.00
"JK1810010914",25-10-2018 0:00:00,$1150.00,$3205.00,$23815.00
"JK1810010913",25-10-2018 0:00:00,$1149.00,$3204.00,$7070.00
"JK1810010917",24-10-2018 0:00:00,$1153.00,$3208.00,$35952.00
"JK1810011524",26-10-2018 0:00:00,$1153.00,$3208.00,$7243.00
"JK1810011379",26-10-2018 0:00:00,$1157.00,$3212.00,$27798.00
"JK1810012415",27-10-2018 0:00:00,$1157.00,$3212.00,$3496.00
"JK1810011380",26-10-2018 0:00:00,$1156.00,$3211.00,$55192.00
"JK1810012418",27-10-2018 0:00:00,$1156.00,$3211.00,$10095.00
"JK1810012905",28-10-2018 0:00:00,$1173.00,$3228.00,$19392.00
"JK1810013454",29-10-2018 0:00:00,$1175.00,$3230.00,$27449.00
"JK1810013453",29-10-2018 0:00:00,$1176.00,$3231.00,$102952.00
"JK1810013452",29-10-2018 0:00:00,$1177.00,$3232.00,$61772.00
"JK1810013451",29-10-2018 0:00:00,$1174.00,$3229.00,$36539.00
"JK1810012906",28-10-2018 0:00:00,$1178.00,$3233.00,$26977.00
"JK1810013534",29-10-2018 0:00:00,$1178.00,$3233.00,$16318.00
"JK1810013450",29-10-2018 0:00:00,$1172.00,$3227.00,$4025.00
"JK1810014111",29-10-2018 0:00:00,$1180.00,$3235.00,$4569.00
"JK1810014109",30-10-2018 0:00:00,$1179.00,$3234.00,$43295.00
"JK1810014110",30-10-2018 0:00:00,$1181.00,$3236.00,$3264.00
"JK1810014919",31-10-2018 0:00:00,$1187.00,$3242.00,$8567.00
"JK1810014917",31-10-2018 0:00:00,$1183.00,$3238.00,$13271.00
"JK1810014918",31-10-2018 0:00:00,$1186.00,$3241.00,$3886.00
"JK1809000223",1-9-2018 0:00:00,$985.00,$3040.00,$23815.00
"JK1809000671",2-9-2018 0:00:00,$987.00,$3042.00,$37296.00
"JK1809000672",2-9-2018 0:00:00,$988.00,$3043.00,$922679.00
"JK1809001624",5-9-2018 0:00:00,$989.00,$3044.00,$23815.00
"JK1809002031",6-9-2018 0:00:00,$996.00,$3051.00,$21348.00
"JK1809002030",5-9-2018 0:00:00,$995.00,$3050.00,$28420.00
"JK1809002029",6-9-2018 0:00:00,$994.00,$3049.00,$10490.00
"JK1809003447",9-9-2018 0:00:00,$1002.00,$3057.00,$15512.00
"JK1809003448",9-9-2018 0:00:00,$1001.00,$3056.00,$61538.00
"JK1809003856",8-9-2018 0:00:00,$1001.00,$3056.00,$16667.00
"JK1809003802",10-9-2018 0:00:00,$993.00,$3048.00,$28577.00
"JK1809003801",10-9-2018 0:00:00,$990.00,$3045.00,$53729.00
"JK1809004916",13-9-2018 0:00:00,$1006.00,$3061.00,$10722.00
"JK1809004917",13-9-2018 0:00:00,$1006.00,$3061.00,$12471.00
"JK1809005767",15-9-2018 0:00:00,$1008.00,$3063.00,$3418.00
"JK1809005766",15-9-2018 0:00:00,$1004.00,$3059.00,$28577.00
"JK1809005768",15-9-2018 0:00:00,$1007.00,$3062.00,$19392.00
"JK1809006360",16-9-2018 0:00:00,$1015.00,$3070.00,$8702.00
"JK18090006817",17-9-2018 0:00:00,$1009.00,$3064.00,$47320.00
"JK1809006815",17-9-2018 0:00:00,$1016.00,$3071.00,$3186.00
"JK1809006814",17-9-2018 0:00:00,$1013.00,$3068.00,$36539.00
"JK1809006813",17-9-2018 0:00:00,$1010.00,$3065.00,$4352.00
"JK1809006816",15-9-2018 0:00:00,$1014.00,$3069.00,$27449.00
"18-9-2018",19-9-2018 0:00:00,$1019.00,$3074.00,$2254.00
"JK1809007162",18-9-2018 0:00:00,$1020.00,$3075.00,$5594.00
"JK1809007164",18-9-2018 0:00:00,$1022.00,$3077.00,$5440.00
"JK1809007466",19-9-2018 0:00:00,$1023.00,$3078.00,$10490.00
"JK18007880",20-9-2018 0:00:00,$1026.00,$3081.00,$10956.00
"JK1809007878",20-9-2018 0:00:00,$1024.00,$3079.00,$51282.00
"JK1809007879",20-9-2018 0:00:00,$1025.00,$3080.00,$29769.00
"JK18098282",21-9-2018 0:00:00,$1027.00,$3082.00,$4896.00
"01840",27-11-2018 0:00:00,$1277.00,$3332.00,$5900.00
"607",7-11-2018 0:00:00,$1198.00,$3253.00,$4915.00
"2019",29-11-2018 0:00:00,$1198.00,$3253.00,$1452.00
"BCUP18RV-0036991",12-11-2018 0:00:00,$1201.00,$3256.00,$7854.00
"BCUP18RV-0036840",12-11-2018 0:00:00,$1202.00,$3257.00,$8782.00
"QCNS0128151819",26-11-2018 0:00:00,$1158.00,$3213.00,$20815.00
"QCNS0133341819",6-12-2018 0:00:00,$1261.00,$3316.00,$1859.00
"QCNS0133411819",6-12-2018 0:00:00,$1275.00,$3330.00,$2788.00
"QCNS0133001819",6-12-2018 0:00:00,$1247.00,$3302.00,$9293.00
"QCNS0134181819",7-12-2018 0:00:00,$1248.00,$3303.00,$9293.00
"QCNS0138211819",14-12-2018 0:00:00,$1294.00,$3349.00,$3717.00
"QCNS0137581819",13-12-2018 0:00:00,$1288.00,$3343.00,$3717.00
"QCNS0137781819",13-12-2018 0:00:00,$1260.00,$3315.00,$10408.00
"QCNS0137631819",13-12-2018 0:00:00,$1289.00,$3344.00,$5576.00
"QCNS0129871819",30-11-2018 0:00:00,$1171.00,$3226.00,$11151.00
"QCNS0129831819",30-11-2018 0:00:00,$1169.00,$3224.00,$7434.00
"QCNS0129851819",30-11-2018 0:00:00,$1170.00,$3225.00,$11151.00
"UP/DEC/18-19/074",19-12-2018 0:00:00,$1300.00,$3355.00,$2548.00
"UP/DEC/18-19/075",19-12-2018 0:00:00,$1298.00,$3353.00,$2548.00
"QCNS0151041819",7-1-2019 0:00:00,$1315.00,$3370.00,$11151.00
"QCNS0149581819",4-1-2019 0:00:00,$1385.00,$3440.00,$3717.00
"QCNS0149521819",4-1-2019 0:00:00,$1376.00,$3431.00,$1859.00
"QCNS0149241819",4-1-2019 0:00:00,$1323.00,$3378.00,$5576.00
"QCNS0149231819",4-1-2019 0:00:00,$1324.00,$3379.00,$1859.00
"QCNS0149221819",4-1-2019 0:00:00,$1320.00,$3375.00,$3717.00
"QCNS0149211819",4-1-2019 0:00:00,$1322.00,$3377.00,$5576.00
"QCNS0149161819",4-1-2019 0:00:00,$1317.00,$3372.00,$3717.00
"QCNS0149151819",4-1-2019 0:00:00,$1316.00,$3371.00,$5576.00
"QCNS0150981819",7-1-2019 0:00:00,$1314.00,$3369.00,$18585.00
"QCNS0151021819",7-1-2019 0:00:00,$1313.00,$3368.00,$18585.00
"UP-I-1819-43418",17-12-2018 0:00:00,$1357.00,$3412.00,$22776.60
"UP-I-1819-434289",18-12-2018 0:00:00,$1319.00,$3374.00,$1708.25
"UP-I-1819-433092",17-12-2018 0:00:00,$1328.00,$3383.00,$1708.25
"UP-I-1819-426220",4-12-2018 0:00:00,$1301.00,$3356.00,$6683.04
"UP-I-1819-441814",28-12-2018 0:00:00,$1382.00,$3437.00,$13387.50
"UP-I-1819-445356",31-12-2018 0:00:00,$1280.00,$3335.00,$9594.38
"94649",14-1-2019 0:00:00,$1438.00,$3493.00,$1531.64
"BCUP18RV-0042635",17-12-2018 0:00:00,$1349.00,$3404.00,$7283.00
"BCUP18RV-0045872",10-1-2019 0:00:00,$1349.00,$3404.00,$6426.00
"BCUP18RV-0046608",14-1-2019 0:00:00,$1423.00,$3478.00,$6426.00
"1802326011",9-10-2018 0:00:00,$1074.00,$3129.00,$4498.00
"1904662931",13-10-2019 0:00:00,$1096.00,$3151.00,$490.35
"95009",22-1-2019 0:00:00,$1480.00,$3535.00,$1010.08
"UP0918010410",31-1-2019 0:00:00,$1456.00,$3511.00,$4672.00
"QCNS0172741819",5-2-2019 0:00:00,$1460.00,$3515.00,$5576.00
"QCNS0171451819",4-2-2019 0:00:00,$1424.00,$3479.00,$8364.00
"QCNS0171461819",4-2-2019 0:00:00,$1425.00,$3480.00,$8364.00
"QCNS0171431819",4-2-2019 0:00:00,$1463.00,$3518.00,$9293.00
"QCNS0180861819",16-2-2019 0:00:00,$1451.00,$3506.00,$7434.00
"QCNS0181331819",20-2-2019 0:00:00,$1459.00,$3514.00,$11151.00
"QCNS0180701819",19-2-2019 0:00:00,$1494.00,$3549.00,$5576.00
"56",20-1-2019 0:00:00,$1469.00,$3524.00,$7080.00
"55",20-1-2019 0:00:00,$1416.00,$3471.00,$14160.00
"54",20-1-2019 0:00:00,$1374.00,$3429.00,$21240.00
"QCNS0183431819",26-2-2019 0:00:00,$1468.00,$3523.00,$14868.00
"QCNS0184451819",27-2-2019 0:00:00,$1521.00,$3576.00,$3186.00
"QCNS016791819",30-1-2019 0:00:00,$1389.00,$3444.00,$14868.00
"BCUP18RV-0057994",15-3-2019 0:00:00,$1585.00,$3640.00,$4926.60
"QCNS01198941819",20-3-2019 0:00:00,$1518.00,$3573.00,$11151.00
"QCNS0205021819",28-3-2049 0:00:00,$1558.00,$3613.00,$14868.00
"QCNS0205461819",29-3-2019 0:00:00,$1602.00,$3657.00,$1859.00
"QCNS0205471819",2-3-2019 0:00:00,$1601.00,$3656.00,$1859.00
"QCNS0189291819",8-3-2019 0:00:00,$1495.00,$3550.00,$11151.00
"QCNS0185321819",1-3-2019 0:00:00,$1517.00,$3572.00,$3717.00
"BCUP158RV-060300",31-3-2019 0:00:00,$1643.00,$3698.00,$4926.60
"QCNS0000961920",5-4-2019 0:00:00,$1580.00,$3635.00,$11151.00
"QCNS0000931920",5-4-2019 0:00:00,$1584.00,$3639.00,$11151.00
"QCNS0000201920",5-4-2019 0:00:00,$1612.00,$3667.00,$5576.00
"QCNS0000231920",5-4-2019 0:00:00,$1623.00,$3678.00,$3717.00
"UP-1-1819-502512",18-3-2019 0:00:00,$1605.00,$3660.00,$1708.25
"UP-I-1819-502519",18-3-2019 0:00:00,$1611.00,$3666.00,$1708.25
"UP-I-1819-502523",18-3-2019 0:00:00,$1616.00,$3671.00,$854.12
"UP-I-1819-506245",25-3-2019 0:00:00,$1620.00,$3675.00,$988.00
"UP-I-1819-506244",25-3-2019 0:00:00,$1626.00,$3681.00,$1708.25
"UP-I-1819-507460",18-3-2019 0:00:00,$1622.00,$3677.00,$1708.25
"UP-I-1819-508386",27-3-2019 0:00:00,$1635.00,$3690.00,$1708.25
"UP-I-1819-511087",30-3-2019 0:00:00,$1648.00,$3703.00,$565.85
"UP-I-1920-003003",6-4-2019 0:00:00,$1669.00,$3724.00,$1708.25
"UP-I-1920-002154",8-4-2019 0:00:00,$1664.00,$3719.00,$4284.00
"1803308420",24-2-2019 0:00:00,$1563.00,$3618.00,$4462.50
"UP-I-1819-513442",31-3-2019 0:00:00,$1633.00,$3688.00,$44625.00
"UP-I-1819-513443",31-3-2019 0:00:00,$1638.00,$3693.00,$10710.00
"UP-I-1819-513444",31-3-2019 0:00:00,$1639.00,$3694.00,$8925.00
"QCNS0005051920",11-4-2019 0:00:00,$1591.00,$3646.00,$22302.00
"QCNS0005081920",11-4-2019 0:00:00,$1603.00,$3658.00,$7434.00
"UP/AOR/19-20/024",12-4-2019 0:00:00,$1634.00,$3689.00,$15292.00
"UP/APR/19-20/011",10-4-2019 0:00:00,$1581.00,$3636.00,$10196.00
"UP/MAR/19-20/145",29-3-2019 0:00:00,$1614.00,$3669.00,$2548.00
"UP/MAR/18-19/042",12-3-2019 0:00:00,$1498.00,$3553.00,$10196.00
"UP/MAR/18-19/146",29-3-2019 0:00:00,$1615.00,$3670.00,$2548.00
"UP/FEB/18-19/145",28-2-2019 0:00:00,$1533.00,$3588.00,$10196.00
"UP/APR/19-20/029",15-4-2019 0:00:00,$1604.00,$3659.00,$10196.00
"21",27-4-2019 0:00:00,$1657.00,$3712.00,$1888.00
"09",3-4-2019 0:00:00,$1657.00,$3712.00,$4918.00
"QCNS0025451920",17-5-2019 0:00:00,$1730.00,$3785.00,$1982.00
"QCNS0025461920",17-5-2019 0:00:00,$1729.00,$3784.00,$2974.00
"QCNS0026971920",21-5-2019 0:00:00,$1679.00,$3734.00,$7930.00
"QCNS0035231920",29-5-2019 0:00:00,$1691.00,$3746.00,$23789.00
"QCNS0030251920",24-6-2019 0:00:00,$1742.00,$3797.00,$2974.00
"09134UP1920131",31-5-2019 0:00:00,$1748.00,$3803.00,$55165.00
"HP-883",25-6-2019 0:00:00,$1851.00,$3906.00,$12154.00
"QCNS0047931920",19-6-2019 0:00:00,$1829.00,$3884.00,$1982.00
"QCNS0047851920",19-6-2019 0:00:00,$1758.00,$3813.00,$1982.00
"QCNS0048691920",20-6-2019 0:00:00,$1791.00,$3846.00,$7930.00
"QCNS0048561920",20-6-2019 0:00:00,$1750.00,$3805.00,$5947.00
"QCNS0047821920",19-6-2019 0:00:00,$1754.00,$3809.00,$3965.00
"QCNS0050771920",25-6-2019 0:00:00,$1753.00,$3808.00,$23789.00
"QCNS0038371920",3-6-2019 0:00:00,$1720.00,$3775.00,$7930.00
"QCNS0038221920",3-6-2019 0:00:00,$1732.00,$3787.00,$7930.00
"QCNS0044051920",12-6-2019 0:00:00,$1749.00,$3804.00,$2974.00
"QCNS0044061920",12-6-2019 0:00:00,$1751.00,$3806.00,$2974.00
"QCNS0044071920",12-6-2019 0:00:00,$1757.00,$3812.00,$3965.00
"QCNS0044081920",12-6-2019 0:00:00,$1759.00,$3814.00,$1982.00
"QCNS0044141920",12-6-2019 0:00:00,$1761.00,$3816.00,$1982.00
"QCNS0043901920",12-6-2019 0:00:00,$1743.00,$3798.00,$7930.00
"QCNS0044921920",13-6-2019 0:00:00,$1780.00,$3835.00,$5947.00
"QCNS0044931920",13-6-2019 0:00:00,$1803.00,$3858.00,$8921.00
"QCNS0006141920",15-4-2019 0:00:00,$1583.00,$3638.00,$7434.00
"QCNS0010191920",24-4-2019 0:00:00,$1678.00,$3733.00,$2974.00
"QCNS0010211920",24-4-2019 0:00:00,$1687.00,$3742.00,$1982.00
"QCNS0022591920",10-5-2019 0:00:00,$1651.00,$3706.00,$7434.00
"QCNS0012591920",25-4-2019 0:00:00,$1595.00,$3650.00,$11151.00
"QCNS0008171920",22-4-2019 0:00:00,$1593.00,$3648.00,$11151.00
"QCNS0008701920",23-4-2019 0:00:00,$1652.00,$3707.00,$3717.00
"QCNS0015861920",30-4-2019 0:00:00,$1653.00,$3708.00,$5576.00
"QCNS000631920",15-4-2019 0:00:00,$1644.00,$3699.00,$3717.00
"QCNS0035561920",30-5-2019 0:00:00,$1654.00,$3709.00,$1859.00
"QCNS0043951920",12-6-2019 0:00:00,$1654.00,$3709.00,$1859.00
"46",29-5-2019 0:00:00,$1739.00,$3794.00,$1180.00
"215",30-5-2019 0:00:00,$1739.00,$3794.00,$4918.00
"QCNS0020341920",7-5-2019 0:00:00,$1627.00,$3682.00,$11151.00
"QCNS0020221920",7-5-2019 0:00:00,$1677.00,$3732.00,$7930.00
"QCNS00194701920",7-5-2019 0:00:00,$1650.00,$3705.00,$2788.00
"QCNS0013711920",26-4-2019 0:00:00,$1596.00,$3651.00,$14868.00
"QCNS0042351920",10-6-2019 0:00:00,$1776.00,$3831.00,$3965.00
"QCNS0023561920",13-6-2019 0:00:00,$1654.00,$3709.00,$7434.00
"04",7-5-2019 0:00:00,$1551.00,$3606.00,$21240.00
"05",7-5-2019 0:00:00,$1630.00,$3685.00,$21240.00
"06",7-5-2019 0:00:00,$1631.00,$3686.00,$14160.00
"07",7-5-2019 0:00:00,$1665.00,$3720.00,$14160.00
"08",8-5-2019 0:00:00,$1629.00,$3684.00,$7080.00
"09",8-5-2019 0:00:00,$1712.00,$3767.00,$7080.00
"1803336486",30-4-2019 0:00:00,$1220.00,$3275.00,$4462.00
"1904703270",30-3-2019 0:00:00,$1649.00,$3704.00,$401.63
"1803325308",30-3-2019 0:00:00,$1646.00,$3701.00,$8032.50
"1803330889",12-4-2019 0:00:00,$1681.00,$3736.00,$10710.00
"1803336395",30-4-2019 0:00:00,$1710.00,$3765.00,$2570.40
"ADC1920/DL/00188",11-6-2019 0:00:00,$1764.00,$3819.00,$4065.00
"ADC1920/DL/00255",27-6-2019 0:00:00,$1818.00,$3873.00,$8201.00
"ADC1920/DL/00266",5-6-2019 0:00:00,$1763.00,$3818.00,$8228.00
"ADC1920/DL/00195",11-6-2019 0:00:00,$1762.00,$3817.00,$2032.00
"246",13-6-2019 0:00:00,$1841.00,$3896.00,$14653.00
"94",19-7-2019 0:00:00,$1898.00,$3953.00,$2242.00
"330",6-7-2019 0:00:00,$1898.00,$3953.00,$4918.00
"95",20-7-2019 0:00:00,$1916.00,$3971.00,$1180.00
"",29-7-2019 0:00:00,$1916.00,$3971.00,$3500.00
"97407",3-8-2019 0:00:00,$1952.00,$4007.00,$1531.64
"QCNS0059681920",11-7-2019 0:00:00,$1826.00,$3881.00,$7930.00
"QCNS0062561920",19-7-2019 0:00:00,$1884.00,$3939.00,$3965.00
"QCNS006257192",19-7-2019 0:00:00,$1874.00,$3929.00,$1982.00
"QCNS0062581920",19-7-2019 0:00:00,$1878.00,$3933.00,$2974.00
"QCNS006291920",19-7-2019 0:00:00,$1877.00,$3932.00,$1982.00
"QCNS0062631920",19-7-2019 0:00:00,$1899.00,$3954.00,$1982.00
"08JA0/19/21096",5-8-2019 0:00:00,$1946.00,$4001.00,$3534.00
"BCUP19RV-0020992",6-8-2019 0:00:00,$1951.00,$4006.00,$3855.00
"QCNS0071221920",8-8-2019 0:00:00,$1894.00,$3949.00,$7930.00
"QCNS0069711920",5-8-2019 0:00:00,$1928.00,$3983.00,$29743.00
"BCUP19RV-0022599",16-8-2019 0:00:00,$1974.00,$4029.00,$7711.00
"UP0919003866",15-8-2019 0:00:00,$1970.00,$4025.00,$5997.32
"AD1909005582",31-7-2019 0:00:00,$1940.00,$3995.00,$87393.00
"HP-1475",30-8-2019 0:00:00,$2012.00,$4067.00,$15930.00
"BCUP19RV-0024030",27-8-2019 0:00:00,$2002.00,$4057.00,$3213.00
"QCNS0065271920",26-7-2019 0:00:00,$1891.00,$3946.00,$3965.00
"QCNS0076431920",22-8-2019 0:00:00,$1962.00,$4017.00,$1982.00
"QCNS007739920",26-8-2019 0:00:00,$1949.00,$4004.00,$7930.00
"QCNS0067781920",30-7-2019 0:00:00,$1875.00,$3930.00,$7930.00
"QCNS0079871920",15-8-2019 0:00:00,$1953.00,$4008.00,$7930.00
"QCNS0079891920",29-8-2019 0:00:00,$1961.00,$4016.00,$5947.00
"QCNS0079681920",29-8-2019 0:00:00,$1978.00,$4033.00,$5947.00
"JK1907000170",1-7-2019 0:00:00,$1866.00,$3921.00,$28663.00
"JHK1907000171",1-7-2019 0:00:00,$1868.00,$3923.00,$5548.00
"JK1907000172",1-7-2019 0:00:00,$1867.00,$3922.00,$10988.00
"JK1907000535",2-7-2019 0:00:00,$1870.00,$3925.00,$15384.00
"JK1908008289",19-8-2019 0:00:00,$1992.00,$4047.00,$3147.00
"JK1908008288",19-8-2019 0:00:00,$1991.00,$4046.00,$22727.00
"JK1908007942",18-8-2019 0:00:00,$1987.00,$4042.00,$12820.00
"JK1908007277",17-8-2019 0:00:00,$1989.00,$4044.00,$5128.00
"JK1908007276",17-8-2019 0:00:00,$1988.00,$4043.00,$23076.00
"JK1908005655",14-8-2019 0:00:00,$1980.00,$4035.00,$14918.00
"JK1908005654",14-8-2019 0:00:00,$1979.00,$4034.00,$17948.00
"JK1908005311",13-8-2019 0:00:00,$1976.00,$4031.00,$12237.00
"BCUP19RV-0023500",22-8-2019 0:00:00,$1959.00,$4014.00,$20706.00
"JK1908005310",13-8-2019 0:00:00,$1975.00,$4030.00,$40094.00
"JK1908005058",12-8-2019 0:00:00,$1964.00,$4019.00,$22727.00
"JK1908005057",12-8-2019 0:00:00,$1965.00,$4020.00,$3147.00
"JK1908004609",11-8-2019 0:00:00,$1969.00,$4024.00,$5128.00
"JK1908004608",11-8-2019 0:00:00,$1968.00,$4023.00,$101539.00
"JK1908002313",7-8-2019 0:00:00,$1955.00,$4010.00,$3076.00
"JK1908000585",2-8-2019 0:00:00,$1944.00,$3999.00,$17948.00
"JK1908000187",1-8-2019 0:00:00,$1943.00,$3998.00,$5128.00
"JK1907013134",31-7-2019 0:00:00,$1938.00,$3993.00,$21795.00
"JK1907013133",31-7-2019 0:00:00,$1939.00,$3994.00,$3671.00
"JK1907012199",29-7-2019 0:00:00,$1936.00,$3991.00,$23076.00
"JK1907012198",29-7-2019 0:00:00,$1935.00,$3990.00,$12237.00
"JK1907012197",29-7-2019 0:00:00,$1933.00,$3988.00,$3613.00
"JK21907010584",25-7-2019 0:00:00,$1926.00,$3981.00,$3671.00
"JK190709996",25-7-2019 0:00:00,$1925.00,$3980.00,$5128.00
"JK1907009995",25-7-2019 0:00:00,$1923.00,$3978.00,$101539.00
"JK1907009608",24-7-2019 0:00:00,$1922.00,$3977.00,$29953.00
"JK19070085546",21-7-2019 0:00:00,$1917.00,$3972.00,$15384.00
"JK1907007913",20-7-2019 0:00:00,$1912.00,$3967.00,$12237.00
"JK1907007912",20-7-2019 0:00:00,$1914.00,$3969.00,$23076.00
"JK1907007911",20-7-2019 0:00:00,$1913.00,$3968.00,$3671.00
"JK1907007035",18-7-2019 0:00:00,$1908.00,$3963.00,$14918.00
"JK1907007034",18-7-2019 0:00:00,$1909.00,$3964.00,$4313.00
"JK1907007033",18-7-2019 0:00:00,$1910.00,$3965.00,$15384.00
"JK1907006622",17-7-2019 0:00:00,$1906.00,$3961.00,$24825.00
"JK1907006621",17-7-2019 0:00:00,$1907.00,$3962.00,$26806.00
"JK1907005470",14-7-2019 0:00:00,$1902.00,$3957.00,$12820.00
"JK1907004113",11-7-2019 0:00:00,$1900.00,$3955.00,$101539.00
"JJK1907004112",11-7-2019 0:00:00,$1901.00,$3956.00,$3956.00
"JK1907002524",3-7-2019 0:00:00,$1892.00,$3947.00,$15384.00
"JK1907001989",6-7-2019 0:00:00,$1893.00,$3948.00,$2564.00
"JK1907001618",5-7-2019 0:00:00,$1890.00,$3945.00,$17365.00
"JK1907001617",5-7-2019 0:00:00,$1888.00,$3943.00,$4896.00
"JK1907001229",4-7-2019 0:00:00,$1886.00,$3941.00,$9324.00
"JK1907001228",4-7-2019 0:00:00,$1887.00,$3942.00,$3671.00
"JK1907001227",4-7-2019 0:00:00,$1873.00,$3928.00,$3916.00
"JK1907000856",3-7-2019 0:00:00,$1882.00,$3937.00,$5548.00
"JK1907000855",3-7-2019 0:00:00,$1881.00,$3936.00,$10988.00
"JK1907000854",3-7-2019 0:00:00,$1880.00,$3935.00,$28663.00
"JK1907000853",3-7-2019 0:00:00,$1879.00,$3934.00,$10490.00
"JK1907000536",2-7-2019 0:00:00,$1872.00,$3927.00,$28089.00
"MD1907800427",31-7-2019 0:00:00,$1942.00,$3997.00,$714.00
"JK1906012734",28-6-2019 0:00:00,$1860.00,$3915.00,$15384.00
"JK1906012287",27-6-2019 0:00:00,$1861.00,$3916.00,$4896.00
"JK1906011789",26-6-2019 0:00:00,$1855.00,$3910.00,$3916.00
"JK1906011372",25-6-2019 0:00:00,$1858.00,$3913.00,$78205.00
"JK1906010929",24-6-2019 0:00:00,$1856.00,$3911.00,$2564.00
"JK1906009947",22-6-2019 0:00:00,$1853.00,$3908.00,$3379.00
"JK1906009409",21-6-2019 0:00:00,$1852.00,$3907.00,$15384.00
"JK1906009408",21-6-2019 0:00:00,$1844.00,$3899.00,$4896.00
"JK1906008366",19-6-2019 0:00:00,$1845.00,$3900.00,$9324.00
"JK1906008365",19-6-2019 0:00:00,$1847.00,$3902.00,$61538.00
"JK1906007956",18-6-2019 0:00:00,$1842.00,$3897.00,$11888.00
"JK1906007922",18-6-2019 0:00:00,$1843.00,$3898.00,$3671.00
"JK1906007549",17-6-2019 0:00:00,$1839.00,$3894.00,$24825.00
"JK1906007548",17-6-2019 0:00:00,$1834.00,$3889.00,$3916.00
"JK1906006472",15-6-2019 0:00:00,$1836.00,$3891.00,$3379.00
"JK1906005938",13-6-2019 0:00:00,$1833.00,$3888.00,$15384.00
"JK1906005023",12-6-2019 0:00:00,$1831.00,$3886.00,$6962.00
"JK190600466",11-6-2019 0:00:00,$1827.00,$3882.00,$3916.00
"JK1906004290",10-6-2019 0:00:00,$1822.00,$3877.00,$9324.00
"JK1906004289",10-6-2019 0:00:00,$1824.00,$3879.00,$1864.00
"JK1906004288",10-6-2019 0:00:00,$1823.00,$3878.00,$4460.00
"JK1906003859",9-6-2019 0:00:00,$1821.00,$3876.00,$61538.00
"JK1906003222",8-6-2019 0:00:00,$1819.00,$3874.00,$11888.00
"JK1906003221",8-6-2019 0:00:00,$1820.00,$3875.00,$8741.00
"JK1906002780",7-6-2019 0:00:00,$1814.00,$3869.00,$8741.00
"JK1906002682",7-6-2019 0:00:00,$1815.00,$3870.00,$4896.00
"JK1906002361",6-6-2019 0:00:00,$1812.00,$3867.00,$15384.00
"JK1906001579",4-6-2019 0:00:00,$1810.00,$3865.00,$12742.00
"JK1906001578",4-6-2019 0:00:00,$1811.00,$3866.00,$2798.00
"JK1906001577",4-6-2019 0:00:00,$1809.00,$3864.00,$18384.00
"JK1906001350",3-6-2019 0:00:00,$1804.00,$3859.00,$11532.00
"JK1906000931",31-5-2019 0:00:00,$1797.00,$3852.00,$1183.00
"JK1906000288",1-6-2019 0:00:00,$1799.00,$3854.00,$4896.00
"JK1906000287",1-6-2019 0:00:00,$1798.00,$3853.00,$2856.00
"JK1905011947",30-5-2019 0:00:00,$1787.00,$3842.00,$61538.00
"JK1905011946",30-5-2019 0:00:00,$1768.00,$3823.00,$28895.00
"JK1905010112",26-5-2019 0:00:00,$1778.00,$3833.00,$4616.00
"JK1905010111",26-5-2019 0:00:00,$1779.00,$3834.00,$24942.00
"JK1925010110",26-5-2019 0:00:00,$1777.00,$3832.00,$4896.00
"JK1905010109",26-5-2019 0:00:00,$1770.00,$3825.00,$34732.00
"JK1905012146",30-5-2019 0:00:00,$1767.00,$3822.00,$12384.00
"JK1905009038",24-5-2019 0:00:00,$1767.00,$3822.00,$28895.00
"JK1905008647",23-5-2019 0:00:00,$1766.00,$3821.00,$21212.00
"JK1905008318",22-5-2019 0:00:00,$1756.00,$3811.00,$15384.00
"JK1905006147",16-5-2019 0:00:00,$1746.00,$3801.00,$15384.00
"JK1905005687",15-5-2019 0:00:00,$1745.00,$3800.00,$27196.00
"JK1905005076",13-5-2019 0:00:00,$1740.00,$3795.00,$78205.00
"JK1905004230",11-5-2019 0:00:00,$1727.00,$3782.00,$5555.00
"JK1905003619",10-5-2019 0:00:00,$1727.00,$3782.00,$5555.00
"JK1905004051",11-5-2019 0:00:00,$1737.00,$3792.00,$5657.00
"JK1905003620",10-5-2019 0:00:00,$1735.00,$3790.00,$21212.00
"JK1905003149",9-5-2019 0:00:00,$1731.00,$3786.00,$15384.00
"JK1905002709",8-5-2019 0:00:00,$1728.00,$3783.00,$3418.00
"JK1905003884",10-5-2019 0:00:00,$1726.00,$3781.00,$3418.00
"JK1905003554",10-5-2019 0:00:00,$1726.00,$3781.00,$3418.00
"JK1904005476",16-4-2019 0:00:00,$1686.00,$3741.00,$10384.00
"JK1904005803",17-4-2019 0:00:00,$1689.00,$3744.00,$12588.00
"JK1905002158",7-5-2019 0:00:00,$1722.00,$3777.00,$21212.00
"JK1905001465",5-5-2019 0:00:00,$1719.00,$3774.00,$22378.00
"JK1905001464",5-5-2019 0:00:00,$1718.00,$3773.00,$38986.00
"JK1905000698",3-5-2019 0:00:00,$1715.00,$3770.00,$78205.00
"JK1905000697",3-5-2019 0:00:00,$1714.00,$3769.00,$4569.00
"JK1905000457",2-5-2019 0:00:00,$1713.00,$3768.00,$10384.00
"JK1904007480",22-4-2019 0:00:00,$1693.00,$3748.00,$10384.00
"JK19804007687",23-4-2019 0:00:00,$1692.00,$3747.00,$18492.00
"JJK1904007688",23-4-2019 0:00:00,$1695.00,$3750.00,$3076.00
"JK1904007689",23-4-2019 0:00:00,$1698.00,$3753.00,$2798.00
"JK1904007690",23-4-2019 0:00:00,$1699.00,$3754.00,$26923.00
"JK190400839",25-4-2019 0:00:00,$1697.00,$3752.00,$1818.00
"JK1904008971",27-4-2019 0:00:00,$1707.00,$3762.00,$78205.00
"QCNS0084591920",10-9-2019 0:00:00,$1966.00,$4021.00,$15859.00
"QCNS008591920",11-9-2019 0:00:00,$1977.00,$4032.00,$7930.00
"BCUP19RV-0025727",6-9-2019 0:00:00,$2018.00,$4073.00,$3213.00
"QCNS0101971920",9-9-2019 0:00:00,$2047.00,$4102.00,$3965.00
"QCNS0101981920",9-9-2019 0:00:00,$2045.00,$4100.00,$1982.00
"QCNS0102131920",9-9-2019 0:00:00,$2059.00,$4114.00,$1982.00
"QCNS0104661920",11-9-2019 0:00:00,$2052.00,$4107.00,$7930.00
"QCNS0104641920",1-9-2019 0:00:00,$2051.00,$4106.00,$5947.00
"BCUP19RV-0030817",10-10-2019 0:00:00,$2071.00,$4126.00,$2142.00
"BCUP19RV-0028531",25-9-2019 0:00:00,$2038.00,$4093.00,$3213.00
"BCUP19RV-0028049",20-9-2019 0:00:00,$2031.00,$4086.00,$3213.00
"BCUP19RV-0028539",25-9-2019 0:00:00,$1959.00,$4014.00,$10353.00
"QCNS0098081920",3-10-2019 0:00:00,$2030.00,$4085.00,$5947.00
"QCNS0089551920",18-9-2019 0:00:00,$1998.00,$4053.00,$5947.00
"UP-1-1819-512917",31-3-2019 0:00:00,$1636.00,$3691.00,$1708.25
"UP-I-1819-512894",31-3-2019 0:00:00,$1561.00,$3616.00,$4348.26
"UP-I-1819-5117078",30-3-2019 0:00:00,$1645.00,$3700.00,$11781.00
"UP-I-1819-511654",30-3-2019 0:00:00,$1597.00,$3652.00,$2142.00
"UP-I=-1819-510773",29-3-2019 0:00:00,$1600.00,$3655.00,$4908.75
"UP-I-1920-004452",12-4-2019 0:00:00,$1670.00,$3725.00,$1708.25
"UP-I-1920-006=15",16-4-2019 0:00:00,$1680.00,$3735.00,$2318.72
"UP-I-1920-004456",12-4-2019 0:00:00,$1675.00,$3730.00,$10589.51
"190910001902",31-10-2019 0:00:00,$2152.00,$4207.00,$6372.00
"BCUP19RV-0034001",30-10-2019 0:00:00,$2150.00,$4205.00,$2142.00
"QCNS01191811920",5-11-2019 0:00:00,$2091.00,$4146.00,$2974.00
"QCNS0117201920",1-11-2019 0:00:00,$2095.00,$4150.00,$3965.00
"QCNS0117211920",1-11-2019 0:00:00,$2102.00,$4157.00,$1982.00
"QCNS0109781920`",21-10-2019 0:00:00,$2054.00,$4109.00,$5947.00
"QCNS0114541920",29-10-2019 0:00:00,$2037.00,$4092.00,$15859.00
"UP0919005971",31-10-2019 0:00:00,$2153.00,$4208.00,$6372.00
"QCNS0120451920",7-11-2019 0:00:00,$2096.00,$4151.00,$5947.00
"QCNS0122651920",11-11-2019 0:00:00,$2165.00,$4220.00,$2974.00
"QCNS0121651920",8-11-2019 0:00:00,$2080.00,$4135.00,$5947.00
"QCNS0121741920",8-11-2019 0:00:00,$2082.00,$4137.00,$7930.00
"QCNS0121291920",8-11-2019 0:00:00,$2083.00,$4138.00,$3965.00
"BCUP19RV-0037500",20-11-2019 0:00:00,$2195.00,$4250.00,$2142.00
"BCUP19RV-0038271",27-11-2019 0:00:00,$2218.00,$4273.00,$2142.00
"QCNS0124621920",15-11-2019 0:00:00,$2141.00,$4196.00,$7930.00
"BCUP19RV-0040464",5-12-2019 0:00:00,$2231.00,$4286.00,$2142.00
"BCUP19RV-0042280",16-12-2019 0:00:00,$2271.00,$4326.00,$2142.00
"QCNS0132691920",13-12-2019 0:00:00,$2235.00,$4290.00,$5947.00
"BCUP19RV-0043445",27-1-2020 0:00:00,$2288.00,$4343.00,$2142.00
"AD1909011669",24-12-2019 0:00:00,$2299.00,$4354.00,$81931.00
"BCUP19RV-0041339",12-12-2019 0:00:00,$2060.00,$4115.00,$2142.00
"BCUP19RV-0045643",6-1-2020 0:00:00,$2330.00,$4385.00,$2142.00
"UP/JAN/19-20/053",14-1-2020 0:00:00,$2303.00,$4358.00,$10478.00
"UP/JAN/19-20/046",13-1-2020 0:00:00,$2247.00,$4302.00,$5240.00
"828",2-1-2020 0:00:00,$1945.00,$4000.00,$9786.00
"QCNS0141451920",31-12-2019 0:00:00,$2240.00,$4295.00,$5947.00
"QCNS0127011920",22-11-2019 0:00:00,$2107.00,$4162.00,$23789.00
"QCNS0136791920",24-12-2019 0:00:00,$2107.00,$4162.00,$23789.00
"QCNS0145251920",7-1-2020 0:00:00,$2107.00,$4162.00,$11894.00
"QCNS0145311920",7-1-2020 0:00:00,$2222.00,$4277.00,$11894.00
"QCNS0145291920",7-1-2020 0:00:00,$2226.00,$4281.00,$11894.00
"QCNS0145281920",7-1-2020 0:00:00,$2225.00,$4280.00,$15859.00
"QCNS0151211920",17-1-2020 0:00:00,$2301.00,$4356.00,$3965.00
"QCNS0149131920",14-1-2020 0:00:00,$2213.00,$4268.00,$11894.00
"AD1909013391",5-2-2020 0:00:00,$2421.00,$4476.00,$13302.00
"61",25-1-2020 0:00:00,$2390.00,$4445.00,$69461.00
"AD1909012667",22-1-2020 0:00:00,$2391.00,$4446.00,$13302.00
"QCNS1063151920",3-2-2020 0:00:00,$2340.00,$4395.00,$3965.00
"QCNS016511920",4-2-2020 0:00:00,$2276.00,$4331.00,$11894.00
"QCNS0165161920",4-2-2020 0:00:00,$2320.00,$4375.00,$15859.00
"QCNS0165201920",4-2-2020 0:00:00,$2323.00,$4378.00,$11894.00
"BCUP19RV-0049656",30-1-2020 0:00:00,$2374.00,$4429.00,$2142.00
"QCNS0178351920",2-3-2020 0:00:00,$2352.00,$4407.00,$11894.00
"QCNS017861920",2-3-2020 0:00:00,$2373.00,$4428.00,$15859.00
"QCNS177461920",28-2-2020 0:00:00,$2434.00,$4489.00,$2974.00
"QCNS0177471920",28-3-2020 0:00:00,$2438.00,$4493.00,$1982.00
"UP-I-1920-254868",20-2-2020 0:00:00,$2460.00,$4515.00,$1622.00
"UP0I-1920-265573",11-3-2020 0:00:00,$2509.00,$4564.00,$907.67
"UP-I-1920-265584",11-3-2020 0:00:00,$2510.00,$4565.00,$3727.08
"UP-I-1920-225963",20-1-2020 0:00:00,$2379.00,$4434.00,$854.12
"UP-I-1920-197575",10-12-2019 0:00:00,$2258.00,$4313.00,$4284.00
"UP-I-1920-211287",31-1-2019 0:00:00,$2292.00,$4347.00,$6832.98
"UP-I-1920-210137",30-12-2019 0:00:00,$2300.00,$4355.00,$1868.90
"UP-I-1920-210126",30-12-2019 0:00:00,$2280.00,$4335.00,$1708.25
"UP-I-1920-212830",31-12-2019 0:00:00,$2322.00,$4377.00,$23443.56
"UP-I-1920-204166",20-12-2019 0:00:00,$2268.00,$4323.00,$1622.57
"UP-I-1920-205188",23-12-2019 0:00:00,$2263.00,$4318.00,$1708.25
"YP-I-1920-234618",30-1-2020 0:00:00,$2398.00,$4453.00,$2677.50
"UP-I-1920-221501",13-1-2020 0:00:00,$2357.00,$4412.00,$854.12
"UP-I-1920-218404",8-1-2020 0:00:00,$2341.00,$4396.00,$4284.00
"UP-I-1920-203854",20-12-2019 0:00:00,$2290.00,$4345.00,$10249.47
"UP-I-1920-254889",25-2-2020 0:00:00,$2536.00,$4591.00,$98175.00
"UP-I-1920-231706",28-1-2020 0:00:00,$2393.00,$4448.00,$2297.30
"UP-I-1920-231704",28-1-2020 0:00:00,$2383.00,$4438.00,$1708.25
"UP-I-1920-248530",17-2-2020 0:00:00,$2445.00,$4500.00,$5877.11
"UP-I-1920-245829",17-3-2020 0:00:00,$2444.00,$4499.00,$1901.03
"UP-I-1920-253639",24-2-2020 0:00:00,$2463.00,$4518.00,$18634.40
"UP-I-1920-253539",24-3-2020 0:00:00,$2459.00,$4514.00,$1815.35
"UP-I-1920-253554",24-2-2020 0:00:00,$2469.00,$4524.00,$854.12
"UP-I-1920-253558",24-2-2020 0:00:00,$2468.00,$4523.00,$854.12
"UP-I-1920-205195",23-12-2019 0:00:00,$2279.00,$4334.00,$1708.25
"UP-I-1920-228732",23-1-2020 0:00:00,$2396.00,$4451.00,$4969.44
"UP-I-1920-243089",8-2-2020 0:00:00,$2431.00,$4486.00,$4284.00
"UP-I-1920-244051",10-2-2020 0:00:00,$2378.00,$4433.00,$1708.25
"UP-I-1920-242952",7-2-2020 0:00:00,$2378.00,$4433.00,$2562.37
"U-I-1920-254824",25-2-2020 0:00:00,$2392.00,$4447.00,$1622.57
"UP-I-1920-242969",7-2-2020 0:00:00,$2392.00,$4447.00,$1622.57
"UP-I-1920-261644",3-3-2020 0:00:00,$2478.00,$4533.00,$0.00
"UP-I-1920-259080",29-2-2020 0:00:00,$2478.00,$4533.00,$1708.25
"UP-I-1920-261652",3-2-2020 0:00:00,$2483.00,$4538.00,$854.12
"UP-I-1920-263116",5-3-2020 0:00:00,$2486.00,$4541.00,$1708.25
"UP-I-2021-015862",29-5-2020 0:00:00,$2607.00,$4662.00,$4284.00
"DOM/2019-20/142",2-6-2020 0:00:00,$2621.00,$4676.00,$2596.00
"UP-I-2021-021220",9-6-2020 0:00:00,$2617.00,$4672.00,$4284.00
"NMB010955/20-21",6-5-2020 0:00:00,$2584.00,$4639.00,$5355.00
"NMB010965/20-21",31-5-2020 0:00:00,$2584.00,$4639.00,$5355.00
"NMB010982/20-21",25-5-2020 0:00:00,$2585.00,$4640.00,$5355.00
"NMB011100/20-21",31-5-2020 0:00:00,$2585.00,$4640.00,$5355.00
"11",29-6-2020 0:00:00,$2659.00,$4714.00,$2950.00
"",17-6-2020 0:00:00,$2659.00,$4714.00,$9735.00
"AD1909014850",17-3-2020 0:00:00,$2546.00,$4601.00,$50231.00
"SR0/20-6/18081",17-6-2020 0:00:00,$2644.00,$4699.00,$28560.00
"UP-I-2021-039003",17-7-2020 0:00:00,$2693.00,$4748.00,$20027.70
"UP-I-2021-050318",8-8-2020 0:00:00,$2730.00,$4785.00,$4284.00
"08JA0/20/10097",10-8-2020 0:00:00,$2720.00,$4775.00,$59976.00
"08JA0/20/12095",26-8-2020 0:00:00,$2761.00,$4816.00,$59976.00
"NMB011865/20-21",27-7-2020 0:00:00,$2703.00,$4758.00,$4284.00
"NMB011951/20-21",31-7-2020 0:00:00,$2703.00,$4758.00,$4284.00
"NMB012747/20-21",26-8-2020 0:00:00,$2722.00,$4777.00,$4284.00
"KU1/20-8/8033",5-8-2020 0:00:00,$2732.00,$4787.00,$11245.50
"SR0/20-7/21463",30-7-2020 0:00:00,$2704.00,$4759.00,$11245.50
"SR0/20-7/21152",13-7-2020 0:00:00,$2704.00,$4759.00,$11245.50
"AD2009201639",17-7-2020 0:00:00,$2708.00,$4763.00,$50668.00
"UP-I-2021-050318",22-8-2020 0:00:00,$2758.00,$4813.00,$854.12
"UP-I-2021-064113",28-8-2020 0:00:00,$2763.00,$4817.00,$11616.07
"UP-I-2021-065962",30-8-2020 0:00:00,$2753.00,$4808.00,$1708.25
"UP-I-2021-065988",30-8-2020 0:00:00,$2762.00,$4818.00,$854.12
"UP-I-2021-067510",31-8-2020 0:00:00,$2739.00,$4794.00,$2484.72
"UP-I-2021-067525",31-8-2020 0:00:00,$2754.00,$4809.00,$3245.13
"KU1/20-8/8902",14-8-2020 0:00:00,$2743.00,$4798.00,$11245.50
"KU1/20-8/8789",24-8-2020 0:00:00,$2755.00,$4810.00,$11245.50
"UP-I-2021-073601",7-9-2020 0:00:00,$2781.00,$4836.00,$8246.70
"UP-I-2021-076256",11-9-2020 0:00:00,$2785.00,$4840.00,$2143.26
"UP-I-2021-076264",11-9-2020 0:00:00,$2795.00,$4850.00,$4748.10
"UP-I-2021-076254",11-9-2020 0:00:00,$2784.00,$4839.00,$3333.96
"UP-I-2021-076257",11-9-2020 0:00:00,$2786.00,$4841.00,$2460.78
"AD2009002807",9-9-2020 0:00:00,$2793.00,$4848.00,$8730.00
"AD2009002996",21-9-2020 0:00:00,$2793.00,$4848.00,$8730.00
"F29001021041",15-9-2020 0:00:00,$2764.00,$4819.00,$219834.00
"F29001016857",15-8-2020 0:00:00,$2721.00,$4776.00,$187974.00
"F29001019070",31-8-2020 0:00:00,$2721.00,$4776.00,$9558.00
"F29001019071",31-8-2020 0:00:00,$2721.00,$4776.00,$6372.00
"F29001019072",31-8-2020 0:00:00,$2721.00,$4776.00,$12744.00
"F29001019073",31-8-2020 0:00:00,$2721.00,$4776.00,$3186.00
"F29001019074",31-8-2020 0:00:00,$2721.00,$4776.00,$3186.00
"F29001019075",31-8-2020 0:00:00,$2721.00,$4776.00,$12744.00
"100",27-10-2020 0:00:00,$2778.00,$4833.00,$1888.00
"323",14-9-2020 0:00:00,$2778.00,$4833.00,$9735.00
"",30-9-2020 0:00:00,$2778.00,$4833.00,$2000.00
"",23-10-2020 0:00:00,$2778.00,$4833.00,$450.00
"F29001030127",31-10-2020 0:00:00,$2856.00,$4911.00,$84252.00
"F29001030125",31-10-2020 0:00:00,$2813.00,$4868.00,$84960.00
"F29001030126",31-10-2020 0:00:00,$2813.00,$4868.00,$2124.00
"F29001025980",15-10-2020 0:00:00,$2813.00,$4868.00,$157176.00
"F29001033759",15-11-2020 0:00:00,$2888.00,$4943.00,$59472.00
"08JA0/20/20980",27-10-2020 0:00:00,$2881.00,$4936.00,$59976.00
"08JA0/20/23982",18-12-2020 0:00:00,$2881.00,$4936.00,$59976.00
